Model,Term,Term_label,Estimate,Est.Error,Lower,Upper,Significant
Step 2 (snail richness),Intercept,Intercept,-0.181998040439325,0.5507897184891591,-1.2790014999999997,0.91639115,FALSE
Step 2 (snail richness),bio12_sc,Annual precipitation,0.371717056875,0.12961507372183145,0.120309825,0.6244376749999999,TRUE
Step 2 (snail richness),elev_sc,Elevation,-0.1084825952947,0.06414235750061523,-0.23090864999999997,0.01903965,FALSE
Step 2 (snail richness),snailRichness_sc,Snail richness,-0.2567162359775,0.1021101877184803,-0.45121059999999996,-0.05735845249999986,TRUE
Step 2 (snail richness),birdRichness_sc,Bird richness,-0.0239783813063,0.06705367138279013,-0.15801047499999998,0.10162890000000001,FALSE
Step 2 (snail richness),shellDim_sc,Shell size,0.92131624694425,0.6077744360006989,-0.30258622499999993,2.1130637500000002,FALSE
Step 2 (snail richness),relativeMass_sc,Relative mass,0.87810550078375,0.6585978108367794,-0.4659355499999999,2.15780625,FALSE
Step 2 (snail richness),relativeRatio_sc,relativeRatio_sc,1.10394998685,0.7228579843684488,-0.34978459999999967,2.47534175,FALSE
