Model,Term,Term_label,Estimate,Est.Error,Lower,Upper,Significant
Step 2 (MPD),Intercept,Intercept,-0.269324966209325,0.52646091730593,-1.3191097499999997,0.7726865500000001,FALSE
Step 2 (MPD),bio12_sc,Annual precipitation,0.252107304812875,0.13437910325327923,-0.009139276499999884,0.517938275,FALSE
Step 2 (MPD),elev_sc,Elevation,-0.1840229583583725,0.07821849884626576,-0.33673359999999997,-0.03192934249999999,TRUE
Step 2 (MPD),mpd_sc,Snail MPD,-0.042342939150375,0.18273325548053518,-0.3923204249999999,0.3200071500000001,FALSE
Step 2 (MPD),birdRichness_sc,Bird richness,0.1287518960079,0.18512442861688228,-0.23368729999999993,0.483453575,FALSE
Step 2 (MPD),shellDim_sc,Shell size,0.94814689744575,0.5949872238862354,-0.2041956499999998,2.1057787500000007,FALSE
Step 2 (MPD),relativeMass_sc,Relative mass,0.796243597234125,0.6670299692705578,-0.49738037499999943,2.0905337500000005,FALSE
Step 2 (MPD),relativeRatio_sc,relativeRatio_sc,1.02961355800475,0.7036046728300502,-0.43338952500000005,2.3269470000000005,FALSE
